/*
 Navicat Premium Data Transfer

 Source Server         : 456
 Source Server Type    : MySQL
 Source Server Version : 80032
 Source Host           : localhost:3306
 Source Schema         : KlondikeEditor

 Target Server Type    : MySQL
 Target Server Version : 80032
 File Encoding         : 65001

 Date: 28/12/2023 15:14:46
*/

SET NAMES utf8mb4;
SET FOREIGN_KEY_CHECKS = 0;

-- ----------------------------
-- Table structure for klondike
-- ----------------------------
DROP TABLE IF EXISTS `klondike`;
CREATE TABLE `klondike`  (
  `id` int NOT NULL AUTO_INCREMENT,
  `name` varchar(255) CHARACTER SET utf8mb3 COLLATE utf8mb3_unicode_ci NULL DEFAULT NULL,
  PRIMARY KEY (`id`) USING BTREE
) ENGINE = InnoDB AUTO_INCREMENT = 26 CHARACTER SET = utf8mb3 COLLATE = utf8mb3_unicode_ci ROW_FORMAT = Dynamic;

-- ----------------------------
-- Records of klondike
-- ----------------------------
INSERT INTO `klondike` VALUES (1, '练习');
INSERT INTO `klondike` VALUES (2, '测试');
INSERT INTO `klondike` VALUES (3, 'A');
INSERT INTO `klondike` VALUES (4, 'B');
INSERT INTO `klondike` VALUES (15, 'C');
INSERT INTO `klondike` VALUES (16, 'D');
INSERT INTO `klondike` VALUES (20, 'E');
INSERT INTO `klondike` VALUES (21, 'F');
INSERT INTO `klondike` VALUES (22, 'G');
INSERT INTO `klondike` VALUES (23, 'level9');
INSERT INTO `klondike` VALUES (24, 'level10');
INSERT INTO `klondike` VALUES (25, 'level11');

-- ----------------------------
-- Table structure for level
-- ----------------------------
DROP TABLE IF EXISTS `level`;
CREATE TABLE `level`  (
  `id` int NOT NULL AUTO_INCREMENT,
  `name` varchar(255) CHARACTER SET utf8mb4 COLLATE utf8mb4_0900_ai_ci NULL DEFAULT NULL,
  `level` int NULL DEFAULT NULL,
  PRIMARY KEY (`id`) USING BTREE,
  INDEX `fa_level`(`name`) USING BTREE,
  CONSTRAINT `fa_level` FOREIGN KEY (`name`) REFERENCES `level_difficulty` (`name`) ON DELETE CASCADE ON UPDATE CASCADE
) ENGINE = InnoDB AUTO_INCREMENT = 33 CHARACTER SET = utf8mb4 COLLATE = utf8mb4_0900_ai_ci ROW_FORMAT = Dynamic;

-- ----------------------------
-- Records of level
-- ----------------------------
INSERT INTO `level` VALUES (4, '困难', 151);
INSERT INTO `level` VALUES (5, '挑战', 1);
INSERT INTO `level` VALUES (6, '困难', 7);
INSERT INTO `level` VALUES (7, '困难', 8);
INSERT INTO `level` VALUES (8, '困难', 9);
INSERT INTO `level` VALUES (9, '困难', 10);
INSERT INTO `level` VALUES (10, '炼狱', 11);
INSERT INTO `level` VALUES (11, '炼狱', 12);
INSERT INTO `level` VALUES (12, '挑战', 13);
INSERT INTO `level` VALUES (13, '简单', 14);
INSERT INTO `level` VALUES (14, '困难', 15);
INSERT INTO `level` VALUES (15, '简单', 16);
INSERT INTO `level` VALUES (16, '简单', 17);
INSERT INTO `level` VALUES (18, '进阶', 19);
INSERT INTO `level` VALUES (19, '进阶', 23);
INSERT INTO `level` VALUES (22, '挑战', 155);
INSERT INTO `level` VALUES (24, '困难', 157);
INSERT INTO `level` VALUES (25, '困难', 159);
INSERT INTO `level` VALUES (27, '困难', 161);
INSERT INTO `level` VALUES (28, '困难', 13);
INSERT INTO `level` VALUES (29, '困难', 13);
INSERT INTO `level` VALUES (30, '困难', 13);
INSERT INTO `level` VALUES (31, '困难', 13);
INSERT INTO `level` VALUES (32, '困难', 13);

-- ----------------------------
-- Table structure for level_difficulty
-- ----------------------------
DROP TABLE IF EXISTS `level_difficulty`;
CREATE TABLE `level_difficulty`  (
  `id` int NOT NULL AUTO_INCREMENT,
  `name` varchar(255) CHARACTER SET utf8mb4 COLLATE utf8mb4_0900_ai_ci NULL DEFAULT NULL,
  PRIMARY KEY (`id`) USING BTREE,
  INDEX `name`(`name`) USING BTREE
) ENGINE = InnoDB AUTO_INCREMENT = 49 CHARACTER SET = utf8mb4 COLLATE = utf8mb4_0900_ai_ci ROW_FORMAT = Dynamic;

-- ----------------------------
-- Records of level_difficulty
-- ----------------------------
INSERT INTO `level_difficulty` VALUES (45, '困难');
INSERT INTO `level_difficulty` VALUES (44, '挑战');
INSERT INTO `level_difficulty` VALUES (46, '炼狱');
INSERT INTO `level_difficulty` VALUES (42, '简单');
INSERT INTO `level_difficulty` VALUES (43, '进阶');

-- ----------------------------
-- Table structure for poke
-- ----------------------------
DROP TABLE IF EXISTS `poke`;
CREATE TABLE `poke`  (
  `id` int NOT NULL AUTO_INCREMENT,
  `name` varchar(255) CHARACTER SET utf8mb3 COLLATE utf8mb3_unicode_ci NULL DEFAULT NULL,
  `moves` int NULL DEFAULT NULL,
  `level` varchar(255) CHARACTER SET utf8mb3 COLLATE utf8mb3_unicode_ci NULL DEFAULT NULL,
  `game` text CHARACTER SET utf8mb3 COLLATE utf8mb3_unicode_ci NULL,
  `Klondike_id` int NULL DEFAULT NULL,
  `list` int NULL DEFAULT NULL,
  PRIMARY KEY (`id`) USING BTREE,
  INDEX `fk_Klondike`(`Klondike_id`) USING BTREE,
  CONSTRAINT `fk_Klondike` FOREIGN KEY (`Klondike_id`) REFERENCES `klondike` (`id`) ON DELETE CASCADE ON UPDATE CASCADE
) ENGINE = InnoDB AUTO_INCREMENT = 38 CHARACTER SET = utf8mb3 COLLATE = utf8mb3_unicode_ci ROW_FORMAT = Dynamic;

-- ----------------------------
-- Records of poke
-- ----------------------------
INSERT INTO `poke` VALUES (1, '第一关', 46, '简单', '{\n    \"tableau piles\": [\n        [\n            \"6S\",\n            \"4S\",\n            \"8S\",\n            \"KH\",\n            \"4C\",\n            \"3C\",\n            \"9H\"\n        ],\n        [\n            \"7H\",\n            \"10H\",\n            \"5H\",\n            \"KC\",\n            \"5S\",\n            \"8H\"\n        ],\n        [\n            \"QC\",\n            \"3S\",\n            \"JH\",\n            \"2C\",\n            \"JC\"\n        ],\n        [\n            \"8C\",\n            \"AC\",\n            \"6H\",\n            \"3H\"\n        ],\n        [\n            \"4H\",\n            \"JS\",\n            \"7S\"\n        ],\n        [\n            \"QH\",\n            \"2H\"\n        ],\n        [\n            \"QS\"\n        ]\n    ],\n    \"foundations\": [\n        \"\",\n        \"\",\n        \"\",\n        \"\"\n    ],\n    \"stock\": [\n        \"JD\",\n        \"10D\",\n        \"AD\",\n        \"4D\",\n        \"10C\",\n        \"8D\",\n        \"6C\",\n        \"5C\",\n        \"KD\",\n        \"AH\",\n        \"9S\",\n        \"QD\",\n        \"7C\",\n        \"5D\",\n        \"7D\",\n        \"3D\",\n        \"KS\",\n        \"2S\",\n        \"2D\",\n        \"AS\",\n        \"9C\",\n        \"6D\",\n        \"9D\",\n        \"10S\"\n    ],\n    \"waste\": \"\"\n}\n', 1, 0);
INSERT INTO `poke` VALUES (2, '第二关', 46, '困难', '{\n    \"tableau piles\": [\n        [\n            \"6S\",\n            \"4S\",\n            \"8S\",\n            \"KH\",\n            \"4C\",\n            \"3C\",\n            \"9H\"\n        ],\n        [\n            \"7H\",\n            \"10H\",\n            \"5H\",\n            \"KC\",\n            \"5S\",\n            \"8H\"\n        ],\n        [\n            \"QC\",\n            \"3S\",\n            \"JH\",\n            \"2C\",\n            \"JC\"\n        ],\n        [\n            \"8C\",\n            \"AC\",\n            \"6H\",\n            \"3H\"\n        ],\n        [\n            \"4H\",\n            \"JS\",\n            \"7S\"\n        ],\n        [\n            \"QH\",\n            \"2H\"\n        ],\n        [\n            \"QS\"\n        ]\n    ],\n    \"foundations\": [\n        \"\",\n        \"\",\n        \"\",\n        \"\"\n    ],\n    \"stock\": [\n        \"JD\",\n        \"10D\",\n        \"AD\",\n        \"4D\",\n        \"10C\",\n        \"8D\",\n        \"6C\",\n        \"5C\",\n        \"KD\",\n        \"AH\",\n        \"9S\",\n        \"QD\",\n        \"7C\",\n        \"5D\",\n        \"7D\",\n        \"3D\",\n        \"KS\",\n        \"2S\",\n        \"2D\",\n        \"AS\",\n        \"9C\",\n        \"6D\",\n        \"9D\",\n        \"10S\"\n    ],\n    \"waste\": \"\"\n}\n', 1, 1);
INSERT INTO `poke` VALUES (3, 'A1', 46, '简单', '{\n    \"tableau piles\": [\n        [\n            \"6S\",\n            \"4S\",\n            \"8S\",\n            \"KH\",\n            \"4C\",\n            \"3C\",\n            \"9H\"\n        ],\n        [\n            \"7H\",\n            \"10H\",\n            \"5H\",\n            \"KC\",\n            \"5S\",\n            \"8H\"\n        ],\n        [\n            \"QC\",\n            \"3S\",\n            \"JH\",\n            \"2C\",\n            \"JC\"\n        ],\n        [\n            \"8C\",\n            \"AC\",\n            \"6H\",\n            \"3H\"\n        ],\n        [\n            \"4H\",\n            \"JS\",\n            \"7S\"\n        ],\n        [\n            \"QH\",\n            \"2H\"\n        ],\n        [\n            \"QS\"\n        ]\n    ],\n    \"foundations\": [\n        \"\",\n        \"\",\n        \"\",\n        \"\"\n    ],\n    \"stock\": [\n        \"JD\",\n        \"10D\",\n        \"AD\",\n        \"4D\",\n        \"10C\",\n        \"8D\",\n        \"6C\",\n        \"5C\",\n        \"KD\",\n        \"AH\",\n        \"9S\",\n        \"QD\",\n        \"7C\",\n        \"5D\",\n        \"7D\",\n        \"3D\",\n        \"KS\",\n        \"2S\",\n        \"2D\",\n        \"AS\",\n        \"9C\",\n        \"6D\",\n        \"9D\",\n        \"10S\"\n    ],\n    \"waste\": \"\"\n}\n', 2, 1);
INSERT INTO `poke` VALUES (4, 'A2', 46, '困难', '{\n    \"tableau piles\": [\n        [\n            \"6S\",\n            \"4S\",\n            \"8S\",\n            \"KH\",\n            \"4C\",\n            \"3C\",\n            \"9H\"\n        ],\n        [\n            \"7H\",\n            \"10H\",\n            \"5H\",\n            \"KC\",\n            \"5S\",\n            \"8H\"\n        ],\n        [\n            \"QC\",\n            \"3S\",\n            \"JH\",\n            \"2C\",\n            \"JC\"\n        ],\n        [\n            \"8C\",\n            \"AC\",\n            \"6H\",\n            \"3H\"\n        ],\n        [\n            \"4H\",\n            \"JS\",\n            \"7S\"\n        ],\n        [\n            \"QH\",\n            \"2H\"\n        ],\n        [\n            \"QS\"\n        ]\n    ],\n    \"foundations\": [\n        \"\",\n        \"\",\n        \"\",\n        \"\"\n    ],\n    \"stock\": [\n        \"JD\",\n        \"10D\",\n        \"AD\",\n        \"4D\",\n        \"10C\",\n        \"8D\",\n        \"6C\",\n        \"5C\",\n        \"KD\",\n        \"AH\",\n        \"9S\",\n        \"QD\",\n        \"7C\",\n        \"5D\",\n        \"7D\",\n        \"3D\",\n        \"KS\",\n        \"2S\",\n        \"2D\",\n        \"AS\",\n        \"9C\",\n        \"6D\",\n        \"9D\",\n        \"10S\"\n    ],\n    \"waste\": \"\"\n}\n', 2, 2);
INSERT INTO `poke` VALUES (5, '  A3', 46, '困难', '{\n    \"tableau piles\": [\n        [\n            \"6S\",\n            \"4S\",\n            \"8S\",\n            \"KH\",\n            \"4C\",\n            \"3C\",\n            \"9H\"\n        ],\n        [\n            \"7H\",\n            \"10H\",\n            \"5H\",\n            \"KC\",\n            \"5S\",\n            \"8H\"\n        ],\n        [\n            \"QC\",\n            \"3S\",\n            \"JH\",\n            \"2C\",\n            \"JC\"\n        ],\n        [\n            \"8C\",\n            \"AC\",\n            \"6H\",\n            \"3H\"\n        ],\n        [\n            \"4H\",\n            \"JS\",\n            \"7S\"\n        ],\n        [\n            \"QH\",\n            \"2H\"\n        ],\n        [\n            \"QS\"\n        ]\n    ],\n    \"foundations\": [\n        \"\",\n        \"\",\n        \"\",\n        \"\"\n    ],\n    \"stock\": [\n        \"JD\",\n        \"10D\",\n        \"AD\",\n        \"4D\",\n        \"10C\",\n        \"8D\",\n        \"6C\",\n        \"5C\",\n        \"KD\",\n        \"AH\",\n        \"9S\",\n        \"QD\",\n        \"7C\",\n        \"5D\",\n        \"7D\",\n        \"3D\",\n        \"KS\",\n        \"2S\",\n        \"2D\",\n        \"AS\",\n        \"9C\",\n        \"6D\",\n        \"9D\",\n        \"10S\"\n    ],\n    \"waste\": \"\"\n}\n', 2, 3);
INSERT INTO `poke` VALUES (6, 'A1', 71, '困难', '{\r\n  \"tableau piles\": [\r\n      [\r\n          \"6S\",\r\n          \"4S\",\r\n          \"8S\",\r\n          \"KH\",\r\n          \"4C\",\r\n          \"3C\",\r\n          \"9H\"\r\n      ],\r\n      [\r\n          \"7H\",\r\n          \"10H\",\r\n          \"5H\",\r\n          \"KC\",\r\n          \"5S\",\r\n          \"8H\"\r\n      ],\r\n      [\r\n          \"QC\",\r\n          \"3S\",\r\n          \"JH\",\r\n          \"2C\",\r\n          \"JC\"\r\n      ],\r\n      [\r\n          \"8C\",\r\n          \"AC\",\r\n          \"6H\",\r\n          \"3H\"\r\n      ],\r\n      [\r\n          \"4H\",\r\n          \"JS\",\r\n          \"7S\"\r\n      ],\r\n      [\r\n          \"QH\",\r\n          \"2H\"\r\n      ],\r\n      [\r\n          \"QS\"\r\n      ]\r\n  ],\r\n  \"foundations\": [\r\n      \"\",\r\n      \"\",\r\n      \"\",\r\n      \"\"\r\n  ],\r\n  \"stock\": [\r\n      \"JD\",\r\n      \"10D\",\r\n      \"AD\",\r\n      \"4D\",\r\n      \"10C\",\r\n      \"8D\",\r\n      \"6C\",\r\n      \"5C\",\r\n      \"KD\",\r\n      \"AH\",\r\n      \"9S\",\r\n      \"QD\",\r\n      \"7C\",\r\n      \"5D\",\r\n      \"7D\",\r\n      \"3D\",\r\n      \"KS\",\r\n      \"2S\",\r\n      \"2D\",\r\n      \"AS\",\r\n      \"9C\",\r\n      \"6D\",\r\n      \"9D\",\r\n      \"10S\"\r\n  ],\r\n  \"waste\": \"\"\r\n}', 3, 0);
INSERT INTO `poke` VALUES (7, ' A3', 82, '困难', '{\r\n  \"tableau piles\": [\r\n      [\r\n          \"6S\",\r\n          \"4S\",\r\n          \"8S\",\r\n          \"KH\",\r\n          \"4C\",\r\n          \"3C\",\r\n          \"9H\"\r\n      ],\r\n      [\r\n          \"7H\",\r\n          \"10H\",\r\n          \"5H\",\r\n          \"KC\",\r\n          \"5S\",\r\n          \"8H\"\r\n      ],\r\n      [\r\n          \"QC\",\r\n          \"3S\",\r\n          \"JH\",\r\n          \"2C\",\r\n          \"JC\"\r\n      ],\r\n      [\r\n          \"8C\",\r\n          \"AC\",\r\n          \"6H\",\r\n          \"3H\"\r\n      ],\r\n      [\r\n          \"4H\",\r\n          \"JS\",\r\n          \"7S\"\r\n      ],\r\n      [\r\n          \"QH\",\r\n          \"2H\"\r\n      ],\r\n      [\r\n          \"QS\"\r\n      ]\r\n  ],\r\n  \"foundations\": [\r\n      \"\",\r\n      \"\",\r\n      \"\",\r\n      \"\"\r\n  ],\r\n  \"stock\": [\r\n      \"JD\",\r\n      \"10D\",\r\n      \"AD\",\r\n      \"4D\",\r\n      \"10C\",\r\n      \"8D\",\r\n      \"6C\",\r\n      \"5C\",\r\n      \"KD\",\r\n      \"AH\",\r\n      \"9S\",\r\n      \"QD\",\r\n      \"7C\",\r\n      \"5D\",\r\n      \"7D\",\r\n      \"3D\",\r\n      \"KS\",\r\n      \"2S\",\r\n      \"2D\",\r\n      \"AS\",\r\n      \"9C\",\r\n      \"6D\",\r\n      \"9D\",\r\n      \"10S\"\r\n  ],\r\n  \"waste\": \"\"\r\n}', 3, 2);
INSERT INTO `poke` VALUES (8, 'A2', 12, '炼狱', '{\r\n  \"tableau piles\": [\r\n      [\r\n          \"6S\",\r\n          \"4S\",\r\n          \"8S\",\r\n          \"KH\",\r\n          \"4C\",\r\n          \"3C\",\r\n          \"9H\"\r\n      ],\r\n      [\r\n          \"7H\",\r\n          \"10H\",\r\n          \"5H\",\r\n          \"KC\",\r\n          \"5S\",\r\n          \"8H\"\r\n      ],\r\n      [\r\n          \"QC\",\r\n          \"3S\",\r\n          \"JH\",\r\n          \"2C\",\r\n          \"JC\"\r\n      ],\r\n      [\r\n          \"8C\",\r\n          \"AC\",\r\n          \"6H\",\r\n          \"3H\"\r\n      ],\r\n      [\r\n          \"4H\",\r\n          \"JS\",\r\n          \"7S\"\r\n      ],\r\n      [\r\n          \"QH\",\r\n          \"2H\"\r\n      ],\r\n      [\r\n          \"QS\"\r\n      ]\r\n  ],\r\n  \"foundations\": [\r\n      \"\",\r\n      \"\",\r\n      \"\",\r\n      \"\"\r\n  ],\r\n  \"stock\": [\r\n      \"JD\",\r\n      \"10D\",\r\n      \"AD\",\r\n      \"4D\",\r\n      \"10C\",\r\n      \"8D\",\r\n      \"6C\",\r\n      \"5C\",\r\n      \"KD\",\r\n      \"AH\",\r\n      \"9S\",\r\n      \"QD\",\r\n      \"7C\",\r\n      \"5D\",\r\n      \"7D\",\r\n      \"3D\",\r\n      \"KS\",\r\n      \"2S\",\r\n      \"2D\",\r\n      \"AS\",\r\n      \"9C\",\r\n      \"6D\",\r\n      \"9D\",\r\n      \"10S\"\r\n  ],\r\n  \"waste\": \"\"\r\n}', 3, 1);
INSERT INTO `poke` VALUES (9, 'poke3', 50, '进阶', '{\r\n  \"tableau piles\": [\r\n      [\r\n          \"6S\",\r\n          \"4S\",\r\n          \"8S\",\r\n          \"KH\",\r\n          \"4C\",\r\n          \"3C\",\r\n          \"9H\"\r\n      ],\r\n      [\r\n          \"7H\",\r\n          \"10H\",\r\n          \"5H\",\r\n          \"KC\",\r\n          \"5S\",\r\n          \"8H\"\r\n      ],\r\n      [\r\n          \"QC\",\r\n          \"3S\",\r\n          \"JH\",\r\n          \"2C\",\r\n          \"JC\"\r\n      ],\r\n      [\r\n          \"8C\",\r\n          \"AC\",\r\n          \"6H\",\r\n          \"3H\"\r\n      ],\r\n      [\r\n          \"4H\",\r\n          \"JS\",\r\n          \"7S\"\r\n      ],\r\n      [\r\n          \"QH\",\r\n          \"2H\"\r\n      ],\r\n      [\r\n          \"QS\"\r\n      ]\r\n  ],\r\n  \"foundations\": [\r\n      \"\",\r\n      \"\",\r\n      \"\",\r\n      \"\"\r\n  ],\r\n  \"stock\": [\r\n      \"JD\",\r\n      \"10D\",\r\n      \"AD\",\r\n      \"4D\",\r\n      \"10C\",\r\n      \"8D\",\r\n      \"6C\",\r\n      \"5C\",\r\n      \"KD\",\r\n      \"AH\",\r\n      \"9S\",\r\n      \"QD\",\r\n      \"7C\",\r\n      \"5D\",\r\n      \"7D\",\r\n      \"3D\",\r\n      \"KS\",\r\n      \"2S\",\r\n      \"2D\",\r\n      \"AS\",\r\n      \"9C\",\r\n      \"6D\",\r\n      \"9D\",\r\n      \"10S\"\r\n  ],\r\n  \"waste\": \"\"\r\n}', 3, 4);
INSERT INTO `poke` VALUES (10, 'poke', 43, '炼狱', '{\r\n  \"tableau piles\": [\r\n      [\r\n          \"6S\",\r\n          \"4S\",\r\n          \"8S\",\r\n          \"KH\",\r\n          \"4C\",\r\n          \"3C\",\r\n          \"9H\"\r\n      ],\r\n      [\r\n          \"7H\",\r\n          \"10H\",\r\n          \"5H\",\r\n          \"KC\",\r\n          \"5S\",\r\n          \"8H\"\r\n      ],\r\n      [\r\n          \"QC\",\r\n          \"3S\",\r\n          \"JH\",\r\n          \"2C\",\r\n          \"JC\"\r\n      ],\r\n      [\r\n          \"8C\",\r\n          \"AC\",\r\n          \"6H\",\r\n          \"3H\"\r\n      ],\r\n      [\r\n          \"4H\",\r\n          \"JS\",\r\n          \"7S\"\r\n      ],\r\n      [\r\n          \"QH\",\r\n          \"2H\"\r\n      ],\r\n      [\r\n          \"QS\"\r\n      ]\r\n  ],\r\n  \"foundations\": [\r\n      \"\",\r\n      \"\",\r\n      \"\",\r\n      \"\"\r\n  ],\r\n  \"stock\": [\r\n      \"JD\",\r\n      \"10D\",\r\n      \"AD\",\r\n      \"4D\",\r\n      \"10C\",\r\n      \"8D\",\r\n      \"6C\",\r\n      \"5C\",\r\n      \"KD\",\r\n      \"AH\",\r\n      \"9S\",\r\n      \"QD\",\r\n      \"7C\",\r\n      \"5D\",\r\n      \"7D\",\r\n      \"3D\",\r\n      \"KS\",\r\n      \"2S\",\r\n      \"2D\",\r\n      \"AS\",\r\n      \"9C\",\r\n      \"6D\",\r\n      \"9D\",\r\n      \"10S\"\r\n  ],\r\n  \"waste\": \"\"\r\n}', 2, 0);
INSERT INTO `poke` VALUES (11, '  B1', 44, '困难', '{\r\n  \"tableau piles\": [\r\n      [\r\n          \"6S\",\r\n          \"4S\",\r\n          \"8S\",\r\n          \"KH\",\r\n          \"4C\",\r\n          \"3C\",\r\n          \"9H\"\r\n      ],\r\n      [\r\n          \"7H\",\r\n          \"10H\",\r\n          \"5H\",\r\n          \"KC\",\r\n          \"5S\",\r\n          \"8H\"\r\n      ],\r\n      [\r\n          \"QC\",\r\n          \"3S\",\r\n          \"JH\",\r\n          \"2C\",\r\n          \"JC\"\r\n      ],\r\n      [\r\n          \"8C\",\r\n          \"AC\",\r\n          \"6H\",\r\n          \"3H\"\r\n      ],\r\n      [\r\n          \"4H\",\r\n          \"JS\",\r\n          \"7S\"\r\n      ],\r\n      [\r\n          \"QH\",\r\n          \"2H\"\r\n      ],\r\n      [\r\n          \"QS\"\r\n      ]\r\n  ],\r\n  \"foundations\": [\r\n      \"\",\r\n      \"\",\r\n      \"\",\r\n      \"\"\r\n  ],\r\n  \"stock\": [\r\n      \"JD\",\r\n      \"10D\",\r\n      \"AD\",\r\n      \"4D\",\r\n      \"10C\",\r\n      \"8D\",\r\n      \"6C\",\r\n      \"5C\",\r\n      \"KD\",\r\n      \"AH\",\r\n      \"9S\",\r\n      \"QD\",\r\n      \"7C\",\r\n      \"5D\",\r\n      \"7D\",\r\n      \"3D\",\r\n      \"KS\",\r\n      \"2S\",\r\n      \"2D\",\r\n      \"AS\",\r\n      \"9C\",\r\n      \"6D\",\r\n      \"9D\",\r\n      \"10S\"\r\n  ],\r\n  \"waste\": \"\"\r\n}', 4, 0);
INSERT INTO `poke` VALUES (12, 'C1', 88, '挑战', '{\r\n  \"tableau piles\": [\r\n      [\r\n          \"6S\",\r\n          \"4S\",\r\n          \"8S\",\r\n          \"KH\",\r\n          \"4C\",\r\n          \"3C\",\r\n          \"9H\"\r\n      ],\r\n      [\r\n          \"7H\",\r\n          \"10H\",\r\n          \"5H\",\r\n          \"KC\",\r\n          \"5S\",\r\n          \"8H\"\r\n      ],\r\n      [\r\n          \"QC\",\r\n          \"3S\",\r\n          \"JH\",\r\n          \"2C\",\r\n          \"JC\"\r\n      ],\r\n      [\r\n          \"8C\",\r\n          \"AC\",\r\n          \"6H\",\r\n          \"3H\"\r\n      ],\r\n      [\r\n          \"4H\",\r\n          \"JS\",\r\n          \"7S\"\r\n      ],\r\n      [\r\n          \"QH\",\r\n          \"2H\"\r\n      ],\r\n      [\r\n          \"QS\"\r\n      ]\r\n  ],\r\n  \"foundations\": [\r\n      \"\",\r\n      \"\",\r\n      \"\",\r\n      \"\"\r\n  ],\r\n  \"stock\": [\r\n      \"JD\",\r\n      \"10D\",\r\n      \"AD\",\r\n      \"4D\",\r\n      \"10C\",\r\n      \"8D\",\r\n      \"6C\",\r\n      \"5C\",\r\n      \"KD\",\r\n      \"AH\",\r\n      \"9S\",\r\n      \"QD\",\r\n      \"7C\",\r\n      \"5D\",\r\n      \"7D\",\r\n      \"3D\",\r\n      \"KS\",\r\n      \"2S\",\r\n      \"2D\",\r\n      \"AS\",\r\n      \"9C\",\r\n      \"6D\",\r\n      \"9D\",\r\n      \"10S\"\r\n  ],\r\n  \"waste\": \"\"\r\n}', 15, 0);
INSERT INTO `poke` VALUES (13, 'B2', 33, '困难', '{\r\n  \"tableau piles\": [\r\n      [\r\n          \"6S\",\r\n          \"4S\",\r\n          \"8S\",\r\n          \"KH\",\r\n          \"4C\",\r\n          \"3C\",\r\n          \"9H\"\r\n      ],\r\n      [\r\n          \"7H\",\r\n          \"10H\",\r\n          \"5H\",\r\n          \"KC\",\r\n          \"5S\",\r\n          \"8H\"\r\n      ],\r\n      [\r\n          \"QC\",\r\n          \"3S\",\r\n          \"JH\",\r\n          \"2C\",\r\n          \"JC\"\r\n      ],\r\n      [\r\n          \"8C\",\r\n          \"AC\",\r\n          \"6H\",\r\n          \"3H\"\r\n      ],\r\n      [\r\n          \"4H\",\r\n          \"JS\",\r\n          \"7S\"\r\n      ],\r\n      [\r\n          \"QH\",\r\n          \"2H\"\r\n      ],\r\n      [\r\n          \"QS\"\r\n      ]\r\n  ],\r\n  \"foundations\": [\r\n      \"\",\r\n      \"\",\r\n      \"\",\r\n      \"\"\r\n  ],\r\n  \"stock\": [\r\n      \"JD\",\r\n      \"10D\",\r\n      \"AD\",\r\n      \"4D\",\r\n      \"10C\",\r\n      \"8D\",\r\n      \"6C\",\r\n      \"5C\",\r\n      \"KD\",\r\n      \"AH\",\r\n      \"9S\",\r\n      \"QD\",\r\n      \"7C\",\r\n      \"5D\",\r\n      \"7D\",\r\n      \"3D\",\r\n      \"KS\",\r\n      \"2S\",\r\n      \"2D\",\r\n      \"AS\",\r\n      \"9C\",\r\n      \"6D\",\r\n      \"9D\",\r\n      \"10S\"\r\n  ],\r\n  \"waste\": \"\"\r\n}', 4, 1);
INSERT INTO `poke` VALUES (14, 'poke5', 25, '困难', '{\r\n  \"tableau piles\": [\r\n      [\r\n          \"6S\",\r\n          \"4S\",\r\n          \"8S\",\r\n          \"KH\",\r\n          \"4C\",\r\n          \"3C\",\r\n          \"9H\"\r\n      ],\r\n      [\r\n          \"7H\",\r\n          \"10H\",\r\n          \"5H\",\r\n          \"KC\",\r\n          \"5S\",\r\n          \"8H\"\r\n      ],\r\n      [\r\n          \"QC\",\r\n          \"3S\",\r\n          \"JH\",\r\n          \"2C\",\r\n          \"JC\"\r\n      ],\r\n      [\r\n          \"8C\",\r\n          \"AC\",\r\n          \"6H\",\r\n          \"3H\"\r\n      ],\r\n      [\r\n          \"4H\",\r\n          \"JS\",\r\n          \"7S\"\r\n      ],\r\n      [\r\n          \"QH\",\r\n          \"2H\"\r\n      ],\r\n      [\r\n          \"QS\"\r\n      ]\r\n  ],\r\n  \"foundations\": [\r\n      \"\",\r\n      \"\",\r\n      \"\",\r\n      \"\"\r\n  ],\r\n  \"stock\": [\r\n      \"JD\",\r\n      \"10D\",\r\n      \"AD\",\r\n      \"4D\",\r\n      \"10C\",\r\n      \"8D\",\r\n      \"6C\",\r\n      \"5C\",\r\n      \"KD\",\r\n      \"AH\",\r\n      \"9S\",\r\n      \"QD\",\r\n      \"7C\",\r\n      \"5D\",\r\n      \"7D\",\r\n      \"3D\",\r\n      \"KS\",\r\n      \"2S\",\r\n      \"2D\",\r\n      \"AS\",\r\n      \"9C\",\r\n      \"6D\",\r\n      \"9D\",\r\n      \"10S\"\r\n  ],\r\n  \"waste\": \"\"\r\n}', 3, 5);
INSERT INTO `poke` VALUES (15, 'B3', 92, '困难', '{\r\n  \"tableau piles\": [\r\n      [\r\n          \"6S\",\r\n          \"4S\",\r\n          \"8S\",\r\n          \"KH\",\r\n          \"4C\",\r\n          \"3C\",\r\n          \"9H\"\r\n      ],\r\n      [\r\n          \"7H\",\r\n          \"10H\",\r\n          \"5H\",\r\n          \"KC\",\r\n          \"5S\",\r\n          \"8H\"\r\n      ],\r\n      [\r\n          \"QC\",\r\n          \"3S\",\r\n          \"JH\",\r\n          \"2C\",\r\n          \"JC\"\r\n      ],\r\n      [\r\n          \"8C\",\r\n          \"AC\",\r\n          \"6H\",\r\n          \"3H\"\r\n      ],\r\n      [\r\n          \"4H\",\r\n          \"JS\",\r\n          \"7S\"\r\n      ],\r\n      [\r\n          \"QH\",\r\n          \"2H\"\r\n      ],\r\n      [\r\n          \"QS\"\r\n      ]\r\n  ],\r\n  \"foundations\": [\r\n      \"\",\r\n      \"\",\r\n      \"\",\r\n      \"\"\r\n  ],\r\n  \"stock\": [\r\n      \"JD\",\r\n      \"10D\",\r\n      \"AD\",\r\n      \"4D\",\r\n      \"10C\",\r\n      \"8D\",\r\n      \"6C\",\r\n      \"5C\",\r\n      \"KD\",\r\n      \"AH\",\r\n      \"9S\",\r\n      \"QD\",\r\n      \"7C\",\r\n      \"5D\",\r\n      \"7D\",\r\n      \"3D\",\r\n      \"KS\",\r\n      \"2S\",\r\n      \"2D\",\r\n      \"AS\",\r\n      \"9C\",\r\n      \"6D\",\r\n      \"9D\",\r\n      \"10S\"\r\n  ],\r\n  \"waste\": \"\"\r\n}', 4, 2);
INSERT INTO `poke` VALUES (17, ' poke0', 38, '挑战', '{\r\n  \"tableau piles\": [\r\n      [\r\n          \"6S\",\r\n          \"4S\",\r\n          \"8S\",\r\n          \"KH\",\r\n          \"4C\",\r\n          \"3C\",\r\n          \"9H\"\r\n      ],\r\n      [\r\n          \"7H\",\r\n          \"10H\",\r\n          \"5H\",\r\n          \"KC\",\r\n          \"5S\",\r\n          \"8H\"\r\n      ],\r\n      [\r\n          \"QC\",\r\n          \"3S\",\r\n          \"JH\",\r\n          \"2C\",\r\n          \"JC\"\r\n      ],\r\n      [\r\n          \"8C\",\r\n          \"AC\",\r\n          \"6H\",\r\n          \"3H\"\r\n      ],\r\n      [\r\n          \"4H\",\r\n          \"JS\",\r\n          \"7S\"\r\n      ],\r\n      [\r\n          \"QH\",\r\n          \"2H\"\r\n      ],\r\n      [\r\n          \"QS\"\r\n      ]\r\n  ],\r\n  \"foundations\": [\r\n      \"\",\r\n      \"\",\r\n      \"\",\r\n      \"\"\r\n  ],\r\n  \"stock\": [\r\n      \"JD\",\r\n      \"10D\",\r\n      \"AD\",\r\n      \"4D\",\r\n      \"10C\",\r\n      \"8D\",\r\n      \"6C\",\r\n      \"5C\",\r\n      \"KD\",\r\n      \"AH\",\r\n      \"9S\",\r\n      \"QD\",\r\n      \"7C\",\r\n      \"5D\",\r\n      \"7D\",\r\n      \"3D\",\r\n      \"KS\",\r\n      \"2S\",\r\n      \"2D\",\r\n      \"AS\",\r\n      \"9C\",\r\n      \"6D\",\r\n      \"9D\",\r\n      \"10S\"\r\n  ],\r\n  \"waste\": \"\"\r\n}', 16, 0);
INSERT INTO `poke` VALUES (18, 'C2', 66, '炼狱', '{\r\n  \"tableau piles\": [\r\n      [\r\n          \"6S\",\r\n          \"4S\",\r\n          \"8S\",\r\n          \"KH\",\r\n          \"4C\",\r\n          \"3C\",\r\n          \"9H\"\r\n      ],\r\n      [\r\n          \"7H\",\r\n          \"10H\",\r\n          \"5H\",\r\n          \"KC\",\r\n          \"5S\",\r\n          \"8H\"\r\n      ],\r\n      [\r\n          \"QC\",\r\n          \"3S\",\r\n          \"JH\",\r\n          \"2C\",\r\n          \"JC\"\r\n      ],\r\n      [\r\n          \"8C\",\r\n          \"AC\",\r\n          \"6H\",\r\n          \"3H\"\r\n      ],\r\n      [\r\n          \"4H\",\r\n          \"JS\",\r\n          \"7S\"\r\n      ],\r\n      [\r\n          \"QH\",\r\n          \"2H\"\r\n      ],\r\n      [\r\n          \"QS\"\r\n      ]\r\n  ],\r\n  \"foundations\": [\r\n      \"\",\r\n      \"\",\r\n      \"\",\r\n      \"\"\r\n  ],\r\n  \"stock\": [\r\n      \"JD\",\r\n      \"10D\",\r\n      \"AD\",\r\n      \"4D\",\r\n      \"10C\",\r\n      \"8D\",\r\n      \"6C\",\r\n      \"5C\",\r\n      \"KD\",\r\n      \"AH\",\r\n      \"9S\",\r\n      \"QD\",\r\n      \"7C\",\r\n      \"5D\",\r\n      \"7D\",\r\n      \"3D\",\r\n      \"KS\",\r\n      \"2S\",\r\n      \"2D\",\r\n      \"AS\",\r\n      \"9C\",\r\n      \"6D\",\r\n      \"9D\",\r\n      \"10S\"\r\n  ],\r\n  \"waste\": \"\"\r\n}', 15, 1);
INSERT INTO `poke` VALUES (29, 'poke2', 37, '困难', '{\r\n  \"tableau piles\": [\r\n      [\r\n          \"6S\",\r\n          \"4S\",\r\n          \"8S\",\r\n          \"KH\",\r\n          \"4C\",\r\n          \"3C\",\r\n          \"9H\"\r\n      ],\r\n      [\r\n          \"7H\",\r\n          \"10H\",\r\n          \"5H\",\r\n          \"KC\",\r\n          \"5S\",\r\n          \"8H\"\r\n      ],\r\n      [\r\n          \"QC\",\r\n          \"3S\",\r\n          \"JH\",\r\n          \"2C\",\r\n          \"JC\"\r\n      ],\r\n      [\r\n          \"8C\",\r\n          \"AC\",\r\n          \"6H\",\r\n          \"3H\"\r\n      ],\r\n      [\r\n          \"4H\",\r\n          \"JS\",\r\n          \"7S\"\r\n      ],\r\n      [\r\n          \"QH\",\r\n          \"2H\"\r\n      ],\r\n      [\r\n          \"QS\"\r\n      ]\r\n  ],\r\n  \"foundations\": [\r\n      \"\",\r\n      \"\",\r\n      \"\",\r\n      \"\"\r\n  ],\r\n  \"stock\": [\r\n      \"JD\",\r\n      \"10D\",\r\n      \"AD\",\r\n      \"4D\",\r\n      \"10C\",\r\n      \"8D\",\r\n      \"6C\",\r\n      \"5C\",\r\n      \"KD\",\r\n      \"AH\",\r\n      \"9S\",\r\n      \"QD\",\r\n      \"7C\",\r\n      \"5D\",\r\n      \"7D\",\r\n      \"3D\",\r\n      \"KS\",\r\n      \"2S\",\r\n      \"2D\",\r\n      \"AS\",\r\n      \"9C\",\r\n      \"6D\",\r\n      \"9D\",\r\n      \"10S\"\r\n  ],\r\n  \"waste\": \"\"\r\n}', 16, 1);
INSERT INTO `poke` VALUES (30, 'C3', 62, '炼狱', '{\r\n  \"tableau piles\": [\r\n      [\r\n          \"6S\",\r\n          \"4S\",\r\n          \"8S\",\r\n          \"KH\",\r\n          \"4C\",\r\n          \"3C\",\r\n          \"9H\"\r\n      ],\r\n      [\r\n          \"7H\",\r\n          \"10H\",\r\n          \"5H\",\r\n          \"KC\",\r\n          \"5S\",\r\n          \"8H\"\r\n      ],\r\n      [\r\n          \"QC\",\r\n          \"3S\",\r\n          \"JH\",\r\n          \"2C\",\r\n          \"JC\"\r\n      ],\r\n      [\r\n          \"8C\",\r\n          \"AC\",\r\n          \"6H\",\r\n          \"3H\"\r\n      ],\r\n      [\r\n          \"4H\",\r\n          \"JS\",\r\n          \"7S\"\r\n      ],\r\n      [\r\n          \"QH\",\r\n          \"2H\"\r\n      ],\r\n      [\r\n          \"QS\"\r\n      ]\r\n  ],\r\n  \"foundations\": [\r\n      \"\",\r\n      \"\",\r\n      \"\",\r\n      \"\"\r\n  ],\r\n  \"stock\": [\r\n      \"JD\",\r\n      \"10D\",\r\n      \"AD\",\r\n      \"4D\",\r\n      \"10C\",\r\n      \"8D\",\r\n      \"6C\",\r\n      \"5C\",\r\n      \"KD\",\r\n      \"AH\",\r\n      \"9S\",\r\n      \"QD\",\r\n      \"7C\",\r\n      \"5D\",\r\n      \"7D\",\r\n      \"3D\",\r\n      \"KS\",\r\n      \"2S\",\r\n      \"2D\",\r\n      \"AS\",\r\n      \"9C\",\r\n      \"6D\",\r\n      \"9D\",\r\n      \"10S\"\r\n  ],\r\n  \"waste\": \"\"\r\n}', 15, 2);
INSERT INTO `poke` VALUES (31, 'poke0', 90, '挑战', '{\r\n  \"tableau piles\": [\r\n      [\r\n          \"6S\",\r\n          \"4S\",\r\n          \"8S\",\r\n          \"KH\",\r\n          \"4C\",\r\n          \"3C\",\r\n          \"9H\"\r\n      ],\r\n      [\r\n          \"7H\",\r\n          \"10H\",\r\n          \"5H\",\r\n          \"KC\",\r\n          \"5S\",\r\n          \"8H\"\r\n      ],\r\n      [\r\n          \"QC\",\r\n          \"3S\",\r\n          \"JH\",\r\n          \"2C\",\r\n          \"JC\"\r\n      ],\r\n      [\r\n          \"8C\",\r\n          \"AC\",\r\n          \"6H\",\r\n          \"3H\"\r\n      ],\r\n      [\r\n          \"4H\",\r\n          \"JS\",\r\n          \"7S\"\r\n      ],\r\n      [\r\n          \"QH\",\r\n          \"2H\"\r\n      ],\r\n      [\r\n          \"QS\"\r\n      ]\r\n  ],\r\n  \"foundations\": [\r\n      \"\",\r\n      \"\",\r\n      \"\",\r\n      \"\"\r\n  ],\r\n  \"stock\": [\r\n      \"JD\",\r\n      \"10D\",\r\n      \"AD\",\r\n      \"4D\",\r\n      \"10C\",\r\n      \"8D\",\r\n      \"6C\",\r\n      \"5C\",\r\n      \"KD\",\r\n      \"AH\",\r\n      \"9S\",\r\n      \"QD\",\r\n      \"7C\",\r\n      \"5D\",\r\n      \"7D\",\r\n      \"3D\",\r\n      \"KS\",\r\n      \"2S\",\r\n      \"2D\",\r\n      \"AS\",\r\n      \"9C\",\r\n      \"6D\",\r\n      \"9D\",\r\n      \"10S\"\r\n  ],\r\n  \"waste\": \"\"\r\n}', 22, 1);
INSERT INTO `poke` VALUES (32, 'poke1', 3, '简单', '{\r\n  \"tableau piles\": [\r\n      [\r\n          \"6S\",\r\n          \"4S\",\r\n          \"8S\",\r\n          \"KH\",\r\n          \"4C\",\r\n          \"3C\",\r\n          \"9H\"\r\n      ],\r\n      [\r\n          \"7H\",\r\n          \"10H\",\r\n          \"5H\",\r\n          \"KC\",\r\n          \"5S\",\r\n          \"8H\"\r\n      ],\r\n      [\r\n          \"QC\",\r\n          \"3S\",\r\n          \"JH\",\r\n          \"2C\",\r\n          \"JC\"\r\n      ],\r\n      [\r\n          \"8C\",\r\n          \"AC\",\r\n          \"6H\",\r\n          \"3H\"\r\n      ],\r\n      [\r\n          \"4H\",\r\n          \"JS\",\r\n          \"7S\"\r\n      ],\r\n      [\r\n          \"QH\",\r\n          \"2H\"\r\n      ],\r\n      [\r\n          \"QS\"\r\n      ]\r\n  ],\r\n  \"foundations\": [\r\n      \"\",\r\n      \"\",\r\n      \"\",\r\n      \"\"\r\n  ],\r\n  \"stock\": [\r\n      \"JD\",\r\n      \"10D\",\r\n      \"AD\",\r\n      \"4D\",\r\n      \"10C\",\r\n      \"8D\",\r\n      \"6C\",\r\n      \"5C\",\r\n      \"KD\",\r\n      \"AH\",\r\n      \"9S\",\r\n      \"QD\",\r\n      \"7C\",\r\n      \"5D\",\r\n      \"7D\",\r\n      \"3D\",\r\n      \"KS\",\r\n      \"2S\",\r\n      \"2D\",\r\n      \"AS\",\r\n      \"9C\",\r\n      \"6D\",\r\n      \"9D\",\r\n      \"10S\"\r\n  ],\r\n  \"waste\": \"\"\r\n}', 22, 2);
INSERT INTO `poke` VALUES (34, 'poke2', 7, '简单', '{\r\n  \"tableau piles\": [\r\n      [\r\n          \"6S\",\r\n          \"4S\",\r\n          \"8S\",\r\n          \"KH\",\r\n          \"4C\",\r\n          \"3C\",\r\n          \"9H\"\r\n      ],\r\n      [\r\n          \"7H\",\r\n          \"10H\",\r\n          \"5H\",\r\n          \"KC\",\r\n          \"5S\",\r\n          \"8H\"\r\n      ],\r\n      [\r\n          \"QC\",\r\n          \"3S\",\r\n          \"JH\",\r\n          \"2C\",\r\n          \"JC\"\r\n      ],\r\n      [\r\n          \"8C\",\r\n          \"AC\",\r\n          \"6H\",\r\n          \"3H\"\r\n      ],\r\n      [\r\n          \"4H\",\r\n          \"JS\",\r\n          \"7S\"\r\n      ],\r\n      [\r\n          \"QH\",\r\n          \"2H\"\r\n      ],\r\n      [\r\n          \"QS\"\r\n      ]\r\n  ],\r\n  \"foundations\": [\r\n      \"\",\r\n      \"\",\r\n      \"\",\r\n      \"\"\r\n  ],\r\n  \"stock\": [\r\n      \"JD\",\r\n      \"10D\",\r\n      \"AD\",\r\n      \"4D\",\r\n      \"10C\",\r\n      \"8D\",\r\n      \"6C\",\r\n      \"5C\",\r\n      \"KD\",\r\n      \"AH\",\r\n      \"9S\",\r\n      \"QD\",\r\n      \"7C\",\r\n      \"5D\",\r\n      \"7D\",\r\n      \"3D\",\r\n      \"KS\",\r\n      \"2S\",\r\n      \"2D\",\r\n      \"AS\",\r\n      \"9C\",\r\n      \"6D\",\r\n      \"9D\",\r\n      \"10S\"\r\n  ],\r\n  \"waste\": \"\"\r\n}', 22, 0);
INSERT INTO `poke` VALUES (35, 'poke2', 81, '简单', '{\r\n  \"tableau piles\": [\r\n      [\r\n          \"6S\",\r\n          \"4S\",\r\n          \"8S\",\r\n          \"KH\",\r\n          \"4C\",\r\n          \"3C\",\r\n          \"9H\"\r\n      ],\r\n      [\r\n          \"7H\",\r\n          \"10H\",\r\n          \"5H\",\r\n          \"KC\",\r\n          \"5S\",\r\n          \"8H\"\r\n      ],\r\n      [\r\n          \"QC\",\r\n          \"3S\",\r\n          \"JH\",\r\n          \"2C\",\r\n          \"JC\"\r\n      ],\r\n      [\r\n          \"8C\",\r\n          \"AC\",\r\n          \"6H\",\r\n          \"3H\"\r\n      ],\r\n      [\r\n          \"4H\",\r\n          \"JS\",\r\n          \"7S\"\r\n      ],\r\n      [\r\n          \"QH\",\r\n          \"2H\"\r\n      ],\r\n      [\r\n          \"QS\"\r\n      ]\r\n  ],\r\n  \"foundations\": [\r\n      \"\",\r\n      \"\",\r\n      \"\",\r\n      \"\"\r\n  ],\r\n  \"stock\": [\r\n      \"JD\",\r\n      \"10D\",\r\n      \"AD\",\r\n      \"4D\",\r\n      \"10C\",\r\n      \"8D\",\r\n      \"6C\",\r\n      \"5C\",\r\n      \"KD\",\r\n      \"AH\",\r\n      \"9S\",\r\n      \"QD\",\r\n      \"7C\",\r\n      \"5D\",\r\n      \"7D\",\r\n      \"3D\",\r\n      \"KS\",\r\n      \"2S\",\r\n      \"2D\",\r\n      \"AS\",\r\n      \"9C\",\r\n      \"6D\",\r\n      \"9D\",\r\n      \"10S\"\r\n  ],\r\n  \"waste\": \"\"\r\n}', 3, 3);
INSERT INTO `poke` VALUES (36, '123', 39, '困难', '{\r\n  \"tableau piles\": [\r\n      [\r\n          \"6S\",\r\n          \"4S\",\r\n          \"8S\",\r\n          \"KH\",\r\n          \"4C\",\r\n          \"3C\",\r\n          \"9H\"\r\n      ],\r\n      [\r\n          \"7H\",\r\n          \"10H\",\r\n          \"5H\",\r\n          \"KC\",\r\n          \"5S\",\r\n          \"8H\"\r\n      ],\r\n      [\r\n          \"QC\",\r\n          \"3S\",\r\n          \"JH\",\r\n          \"2C\",\r\n          \"JC\"\r\n      ],\r\n      [\r\n          \"8C\",\r\n          \"AC\",\r\n          \"6H\",\r\n          \"3H\"\r\n      ],\r\n      [\r\n          \"4H\",\r\n          \"JS\",\r\n          \"7S\"\r\n      ],\r\n      [\r\n          \"QH\",\r\n          \"2H\"\r\n      ],\r\n      [\r\n          \"QS\"\r\n      ]\r\n  ],\r\n  \"foundations\": [\r\n      \"\",\r\n      \"\",\r\n      \"\",\r\n      \"\"\r\n  ],\r\n  \"stock\": [\r\n      \"JD\",\r\n      \"10D\",\r\n      \"AD\",\r\n      \"4D\",\r\n      \"10C\",\r\n      \"8D\",\r\n      \"6C\",\r\n      \"5C\",\r\n      \"KD\",\r\n      \"AH\",\r\n      \"9S\",\r\n      \"QD\",\r\n      \"7C\",\r\n      \"5D\",\r\n      \"7D\",\r\n      \"3D\",\r\n      \"KS\",\r\n      \"2S\",\r\n      \"2D\",\r\n      \"AS\",\r\n      \"9C\",\r\n      \"6D\",\r\n      \"9D\",\r\n      \"10S\"\r\n  ],\r\n  \"waste\": \"\"\r\n}', 23, 0);

SET FOREIGN_KEY_CHECKS = 1;
